{
    "('airplane', 0)": {
        "mmcl": [
            332.5696128145083,
            8.472404780470043
        ],
        "rvcl": [
            394.01493210083186,
            62.25134390472955
        ],
        "regular_cl": [
            315.1979851963926,
            30.344949201881224
        ]
    },
    "('airplane', 1)": {
        "mmcl": [
            448.6903850427096,
            42.471161634354544
        ],
        "rvcl": [
            473.46837346229387,
            126.31951429838628
        ],
        "regular_cl": [
            350.4155579598898,
            92.1497120263494
        ]
    },
    "('airplane', 2)": {
        "mmcl": [
            434.6982850577973,
            75.07482285371015
        ],
        "rvcl": [
            444.95779205786755,
            116.48646415776578
        ],
        "regular_cl": [
            312.1268854973347,
            44.05013455453117
        ]
    },
    "('airplane', 3)": {
        "mmcl": [
            350.13338860051664,
            27.521709762730495
        ],
        "rvcl": [
            408.15834732391266,
            29.568554145055543
        ],
        "regular_cl": [
            311.1040369489918,
            28.781371094897423
        ]
    },
    "('airplane', 4)": {
        "mmcl": [
            554.6104975529888,
            177.5544770184365
        ],
        "rvcl": [
            431.97067163266047,
            51.485296418171856
        ],
        "regular_cl": [
            335.7121897368587,
            57.126964288855824
        ]
    },
    "('automobile', 0)": {
        "mmcl": [
            661.0956214040019,
            347.86589816681345
        ],
        "rvcl": [
            471.29959194525,
            78.15029182529047
        ],
        "regular_cl": [
            374.36253555974037,
            72.87114044399566
        ]
    },
    "('automobile', 1)": {
        "mmcl": [
            558.2038172136146,
            164.93678474059493
        ],
        "rvcl": [
            444.59103639938087,
            27.30278329250537
        ],
        "regular_cl": [
            306.8466659060709,
            31.006907956740317
        ]
    },
    "('automobile', 2)": {
        "mmcl": [
            495.8109203739051,
            67.94259213750621
        ],
        "rvcl": [
            477.91178498023027,
            30.644412416320638
        ],
        "regular_cl": [
            345.17669007374934,
            40.18723077721788
        ]
    },
    "('automobile', 3)": {
        "mmcl": [
            697.0201958241657,
            326.6604708936995
        ],
        "rvcl": [
            446.4350544792484,
            29.52198444439936
        ],
        "regular_cl": [
            325.5393372892975,
            14.633551929034612
        ]
    },
    "('automobile', 4)": {
        "mmcl": [
            724.8146572899126,
            164.75792701561966
        ],
        "rvcl": [
            578.1728411826323,
            86.05754975183696
        ],
        "regular_cl": [
            422.66687659839135,
            71.07474329815064
        ]
    },
    "('bird', 0)": {
        "mmcl": [
            873.0816498133881,
            387.1061282336438
        ],
        "rvcl": [
            490.1428680166553,
            140.54351448750265
        ],
        "regular_cl": [
            360.31483460688634,
            157.86515647690678
        ]
    },
    "('bird', 1)": {
        "mmcl": [
            330.23165266040013,
            5.906048762508535
        ],
        "rvcl": [
            378.0464930430504,
            73.4835357582343
        ],
        "regular_cl": [
            307.0769429247244,
            36.79045320969913
        ]
    },
    "('bird', 2)": {
        "mmcl": [
            623.5594334959504,
            216.01898323720528
        ],
        "rvcl": [
            432.6913820808771,
            30.99676526245185
        ],
        "regular_cl": [
            327.14109587166,
            29.792839554416364
        ]
    },
    "('bird', 3)": {
        "mmcl": [
            1613.0824675719618,
            1346.8426695362841
        ],
        "rvcl": [
            514.6472360206897,
            94.90172360115194
        ],
        "regular_cl": [
            359.33310938368294,
            58.813965772528704
        ]
    },
    "('bird', 4)": {
        "mmcl": [
            807.0558545181268,
            411.5647440970323
        ],
        "rvcl": [
            435.26958284880095,
            100.90485539048859
        ],
        "regular_cl": [
            337.4350270059435,
            102.64534377896025
        ]
    },
    "('cat', 0)": {
        "mmcl": [
            671.9644349797177,
            101.02082352100082
        ],
        "rvcl": [
            452.7987255562483,
            45.618897838444674
        ],
        "regular_cl": [
            356.4462770584611,
            75.3945318193044
        ]
    },
    "('cat', 1)": {
        "mmcl": [
            691.0398077329402,
            156.33634078724322
        ],
        "rvcl": [
            492.21193162756015,
            78.79743437985702
        ],
        "regular_cl": [
            348.0944408193549,
            60.38300657485638
        ]
    },
    "('cat', 2)": {
        "mmcl": [
            1396.3593958096867,
            764.6541923209597
        ],
        "rvcl": [
            502.37968837988126,
            102.77361064936748
        ],
        "regular_cl": [
            408.74340885644335,
            107.12239015802736
        ]
    },
    "('cat', 3)": {
        "mmcl": [
            1256.224966429602,
            1118.0650906668359
        ],
        "rvcl": [
            479.7417917709239,
            74.91373734032139
        ],
        "regular_cl": [
            365.9506007050647,
            65.52949155238606
        ]
    },
    "('cat', 4)": {
        "mmcl": [
            774.509905144689,
            331.193145188989
        ],
        "rvcl": [
            488.07137223246775,
            111.53876456836059
        ],
        "regular_cl": [
            340.9522187924471,
            71.2831317078202
        ]
    },
    "('deer', 0)": {
        "mmcl": [
            837.2581207940532,
            380.80418610214656
        ],
        "rvcl": [
            490.5707725063033,
            127.44268667538131
        ],
        "regular_cl": [
            362.2977911284366,
            108.19030214313996
        ]
    },
    "('deer', 1)": {
        "mmcl": [
            946.9657324105694,
            509.57265071347535
        ],
        "rvcl": [
            476.16825647699477,
            95.03150152154531
        ],
        "regular_cl": [
            346.38501017399466,
            104.2295457502914
        ]
    },
    "('deer', 2)": {
        "mmcl": [
            1187.7451088191524,
            615.2782769390001
        ],
        "rvcl": [
            435.808182660899,
            29.283984568891473
        ],
        "regular_cl": [
            321.46908527778675,
            46.97485137317471
        ]
    },
    "('deer', 3)": {
        "mmcl": [
            566.925786321551,
            63.42798600338819
        ],
        "rvcl": [
            403.1686340404196,
            30.207485213939755
        ],
        "regular_cl": [
            313.8380040533758,
            26.913140939305737
        ]
    },
    "('deer', 4)": {
        "mmcl": [
            2049.2322160202957,
            1622.015645705526
        ],
        "rvcl": [
            456.63466922278656,
            104.5031192360532
        ],
        "regular_cl": [
            335.15385563779796,
            73.32320159607703
        ]
    },
    "('dog', 0)": {
        "mmcl": [
            756.0115113675615,
            155.8075273514497
        ],
        "rvcl": [
            465.08223740834,
            55.39382720457684
        ],
        "regular_cl": [
            327.8267628809151,
            26.998721614866863
        ]
    },